<?xml version = '1.0' encoding = 'UTF-8'?>
<Diagram class="oracle.dbtools.crest.swingui.logical.DPVLogical" name="Logical" id="62872046-4D8B-A044-9802-86B965C338C3">
<createdBy>Marcus Lim</createdBy>
<modifiedBy>Marcus Lim</modifiedBy>
<createdTime>2021-04-24 04:50:08 UTC</createdTime>
<autoRoute>false</autoRoute>
<boxInbox>true</boxInbox>
<showLegend>true</showLegend>
<showLabels>true</showLabels>
<showRelAttributes>false</showRelAttributes>
<gridEnabled>false</gridEnabled>
<showGrid>false</showGrid>
<diagramColor>-1</diagramColor>
<legendPosX>0</legendPosX>
<legendPosY>0</legendPosY>
<display>false</display>
<notation>2</notation>
<showAllDetails>false</showAllDetails>
<showElements>true</showElements>
<objectViews>
<OView class="oracle.dbtools.crest.swingui.logical.TVEntity" oid="01F804C0-0823-0759-07A4-38B731EBAA12" otype="Entity" vid="A1CB0C1E-92CE-2CF5-0DD1-008139C4CBB9">
<hideElementsInCurrentOnly>false</hideElementsInCurrentOnly>
<bounds x="375" y="544" width="170" height="110"/>
</OView>
<OView class="oracle.dbtools.crest.swingui.logical.TVEntity" oid="11E1CE26-9CB8-C7F5-16E9-3F1C070081DD" otype="Entity" vid="9181BE7F-7400-1413-8313-89B4CA427398">
<hideElementsInCurrentOnly>false</hideElementsInCurrentOnly>
<bounds x="416" y="387" width="170" height="129"/>
</OView>
<OView class="oracle.dbtools.crest.swingui.logical.TVEntity" oid="2BE9E443-8A28-87FF-ECC9-2E67E88D0720" otype="Entity" vid="65F032E6-857E-F51F-140E-190D7FD5E016">
<hideElementsInCurrentOnly>false</hideElementsInCurrentOnly>
<bounds x="611" y="172" width="151" height="143"/>
</OView>
<OView class="oracle.dbtools.crest.swingui.logical.TVEntity" oid="41312A25-DA47-AC0E-BD27-6124A40B7F70" otype="Entity" vid="E2258672-4024-11EF-290C-C7684435847D">
<hideElementsInCurrentOnly>false</hideElementsInCurrentOnly>
<bounds x="848" y="226" width="170" height="153"/>
</OView>
<OView class="oracle.dbtools.crest.swingui.logical.TVEntity" oid="4471219E-9C8F-DB2A-2FF7-050AD34989AB" otype="Entity" vid="37F95F35-6AEA-A3D0-9FC3-B69AB65364FC">
<hideElementsInCurrentOnly>false</hideElementsInCurrentOnly>
<bounds x="709" y="396" width="123" height="72"/>
</OView>
<OView class="oracle.dbtools.crest.swingui.logical.TVEntity" oid="461BD252-9007-8B78-D9E2-BB89114EC207" otype="Entity" vid="1BF14FF2-3EAC-AFB9-54A5-49ECFA612569">
<hideElementsInCurrentOnly>false</hideElementsInCurrentOnly>
<bounds x="21" y="668" width="170" height="136"/>
</OView>
<OView class="oracle.dbtools.crest.swingui.logical.TVEntity" oid="4DCC3186-ACB7-2EDC-3B7C-8E74A6A81EA4" otype="Entity" vid="CD879B34-49D1-288D-CD93-3779F60A0C06">
<hideElementsInCurrentOnly>false</hideElementsInCurrentOnly>
<bounds x="424" y="688" width="170" height="110"/>
</OView>
<OView class="oracle.dbtools.crest.swingui.TVLegend" oid="601587F7-9911-1136-5773-E9DD0A469309" otype="Legend" vid="C678F9D5-C57F-C759-0F0F-71EFAA0F7ADA">
<hideElementsInCurrentOnly>false</hideElementsInCurrentOnly>
<bounds x="0" y="0" width="232" height="135"/>
</OView>
<OView class="oracle.dbtools.crest.swingui.logical.TVEntity" oid="909AFE9F-1F83-B60B-25B2-CEC2D7E96AA3" otype="Entity" vid="9B653FDA-1C7C-29DC-A463-36EAED9D54E5">
<hideElementsInCurrentOnly>false</hideElementsInCurrentOnly>
<bounds x="134" y="178" width="147" height="128"/>
</OView>
<OView class="oracle.dbtools.crest.swingui.logical.TVEntity" oid="A7BF712B-C660-1BC7-6139-3BE356B2ABAE" otype="Entity" vid="A63BF41B-F2FC-E247-D005-3661C52A670C">
<hideElementsInCurrentOnly>false</hideElementsInCurrentOnly>
<bounds x="669" y="540" width="170" height="110"/>
</OView>
<OView class="oracle.dbtools.crest.swingui.logical.TVEntity" oid="D79058E3-309B-CD2B-1DE8-7765954E22A0" otype="Entity" vid="ABF034CB-CEF0-ECCB-4629-C2DB091CE99A">
<hideElementsInCurrentOnly>false</hideElementsInCurrentOnly>
<bounds x="780" y="37" width="132" height="110"/>
</OView>
<OView class="oracle.dbtools.crest.swingui.logical.TVEntity" oid="F56ADCBD-5E4C-A96D-2327-ECCBE8431864" otype="Entity" vid="FE617B3A-17F3-685F-971C-B38F7725114B">
<hideElementsInCurrentOnly>false</hideElementsInCurrentOnly>
<bounds x="126" y="392" width="170" height="193"/>
</OView>
<OView class="oracle.dbtools.crest.swingui.logical.TVEntity" oid="F8A3A366-DCBB-833D-3D50-4D183AC1340F" otype="Entity" vid="1B70648A-9FF7-0B90-F20E-2EC3EAD54AD5">
<hideElementsInCurrentOnly>false</hideElementsInCurrentOnly>
<bounds x="365" y="189" width="170" height="110"/>
</OView>
</objectViews>
<connectors>
<Connector class="oracle.dbtools.crest.swingui.logical.TVRelation" oid="1515A381-379A-5B57-9E86-2C4D88E891DB" otype="Relation" vid_source="FE617B3A-17F3-685F-971C-B38F7725114B" vid_target="FE617B3A-17F3-685F-971C-B38F7725114B">
<hideElementsInCurrentOnly>false</hideElementsInCurrentOnly>
<backgroundColor>-16777216</backgroundColor>
<lineWidth>1</lineWidth>
<sourceLabel class="oracle.dbtools.crest.model.design.Label">
<site>0</site>
<labelBounds x="324" y="497" width="58" height="33"/>
<noBackgroundColor>true</noBackgroundColor>
<noForegroundColor>true</noForegroundColor>
</sourceLabel>
<targetLabel class="oracle.dbtools.crest.model.design.Label">
<site>2</site>
<labelBounds x="258" y="584" width="18" height="31"/>
<noBackgroundColor>true</noBackgroundColor>
<noForegroundColor>true</noForegroundColor>
</targetLabel>
<points>
<point x="296" y="515"/>
<point x="324" y="515"/>
<point x="324" y="598"/>
<point x="258" y="597"/>
<point x="258" y="585"/>
</points>
</Connector>
<Connector class="oracle.dbtools.crest.swingui.logical.TVRelation" oid="20143423-AAE4-9CC9-789F-5E755598A93A" otype="Relation" vid_source="65F032E6-857E-F51F-140E-190D7FD5E016" vid_target="1B70648A-9FF7-0B90-F20E-2EC3EAD54AD5">
<hideElementsInCurrentOnly>false</hideElementsInCurrentOnly>
<backgroundColor>-16777216</backgroundColor>
<lineWidth>1</lineWidth>
<sourceLabel class="oracle.dbtools.crest.model.design.Label">
<site>0</site>
<labelBounds x="561" y="215" width="44" height="29"/>
<noBackgroundColor>true</noBackgroundColor>
<noForegroundColor>true</noForegroundColor>
</sourceLabel>
<targetLabel class="oracle.dbtools.crest.model.design.Label">
<site>2</site>
<labelBounds x="545" y="247" width="26" height="40"/>
<noBackgroundColor>true</noBackgroundColor>
<noForegroundColor>true</noForegroundColor>
</targetLabel>
<points>
<point x="611" y="244"/>
<point x="535" y="244"/>
</points>
</Connector>
<Connector class="oracle.dbtools.crest.swingui.logical.TVRelation" oid="3852ECF1-FCDA-5D53-CFB4-442CBFFD1393" otype="Relation" vid_source="9B653FDA-1C7C-29DC-A463-36EAED9D54E5" vid_target="1B70648A-9FF7-0B90-F20E-2EC3EAD54AD5">
<hideElementsInCurrentOnly>false</hideElementsInCurrentOnly>
<backgroundColor>-16777216</backgroundColor>
<lineWidth>1</lineWidth>
<sourceLabel class="oracle.dbtools.crest.model.design.Label">
<site>0</site>
<labelBounds x="291" y="214" width="34" height="30"/>
<noBackgroundColor>true</noBackgroundColor>
<noForegroundColor>true</noForegroundColor>
</sourceLabel>
<targetLabel class="oracle.dbtools.crest.model.design.Label">
<site>2</site>
<labelBounds x="341" y="247" width="18" height="30"/>
<noBackgroundColor>true</noBackgroundColor>
<noForegroundColor>true</noForegroundColor>
</targetLabel>
<points>
<point x="281" y="244"/>
<point x="365" y="244"/>
</points>
</Connector>
<Connector class="oracle.dbtools.crest.swingui.logical.TVRelation" oid="70783970-B2EA-B414-F2E7-22B2324DC83C" otype="Relation" vid_source="65F032E6-857E-F51F-140E-190D7FD5E016" vid_target="E2258672-4024-11EF-290C-C7684435847D">
<hideElementsInCurrentOnly>false</hideElementsInCurrentOnly>
<backgroundColor>-16777216</backgroundColor>
<lineWidth>1</lineWidth>
<sourceLabel class="oracle.dbtools.crest.model.design.Label">
<site>0</site>
<labelBounds x="772" y="251" width="82" height="19"/>
<noBackgroundColor>true</noBackgroundColor>
<noForegroundColor>true</noForegroundColor>
</sourceLabel>
<targetLabel class="oracle.dbtools.crest.model.design.Label">
<site>2</site>
<labelBounds x="824" y="273" width="18" height="31"/>
<noBackgroundColor>true</noBackgroundColor>
<noForegroundColor>true</noForegroundColor>
</targetLabel>
<points>
<point x="762" y="270"/>
<point x="848" y="270"/>
</points>
</Connector>
<Connector class="oracle.dbtools.crest.swingui.logical.TVRelation" oid="772DD4CD-49AF-3558-5B2F-1002DBAB4F10" otype="Relation" vid_source="9181BE7F-7400-1413-8313-89B4CA427398" vid_target="FE617B3A-17F3-685F-971C-B38F7725114B">
<hideElementsInCurrentOnly>false</hideElementsInCurrentOnly>
<backgroundColor>-16777216</backgroundColor>
<lineWidth>1</lineWidth>
<sourceLabel class="oracle.dbtools.crest.model.design.Label">
<site>0</site>
<labelBounds x="373" y="423" width="37" height="31"/>
<noBackgroundColor>true</noBackgroundColor>
<noForegroundColor>true</noForegroundColor>
</sourceLabel>
<targetLabel class="oracle.dbtools.crest.model.design.Label">
<site>2</site>
<labelBounds x="306" y="457" width="20" height="34"/>
<noBackgroundColor>true</noBackgroundColor>
<noForegroundColor>true</noForegroundColor>
</targetLabel>
<points>
<point x="416" y="454"/>
<point x="296" y="454"/>
</points>
</Connector>
<Connector class="oracle.dbtools.crest.swingui.logical.TVRelation" oid="81CE0BE8-5FEC-5613-3E6B-ED327216A2B3" otype="Relation" vid_source="37F95F35-6AEA-A3D0-9FC3-B69AB65364FC" vid_target="9181BE7F-7400-1413-8313-89B4CA427398">
<hideElementsInCurrentOnly>false</hideElementsInCurrentOnly>
<backgroundColor>-16777216</backgroundColor>
<lineWidth>1</lineWidth>
<sourceLabel class="oracle.dbtools.crest.model.design.Label">
<site>0</site>
<labelBounds x="636" y="402" width="67" height="30"/>
<noBackgroundColor>true</noBackgroundColor>
<noForegroundColor>true</noForegroundColor>
</sourceLabel>
<targetLabel class="oracle.dbtools.crest.model.design.Label">
<site>2</site>
<labelBounds x="596" y="435" width="18" height="30"/>
<noBackgroundColor>true</noBackgroundColor>
<noForegroundColor>true</noForegroundColor>
</targetLabel>
<points>
<point x="709" y="432"/>
<point x="586" y="432"/>
</points>
</Connector>
<Connector class="oracle.dbtools.crest.swingui.logical.TVRelation" oid="AF0DD350-6B23-C6F7-5F14-CD7EABE98C80" otype="Relation" vid_source="FE617B3A-17F3-685F-971C-B38F7725114B" vid_target="1BF14FF2-3EAC-AFB9-54A5-49ECFA612569">
<hideElementsInCurrentOnly>false</hideElementsInCurrentOnly>
<backgroundColor>-16777216</backgroundColor>
<lineWidth>1</lineWidth>
<sourceLabel class="oracle.dbtools.crest.model.design.Label">
<site>0</site>
<labelBounds x="158" y="615" width="100" height="16"/>
<noBackgroundColor>true</noBackgroundColor>
<noForegroundColor>true</noForegroundColor>
</sourceLabel>
<targetLabel class="oracle.dbtools.crest.model.design.Label">
<site>2</site>
<labelBounds x="158" y="632" width="18" height="30"/>
<noBackgroundColor>true</noBackgroundColor>
<noForegroundColor>true</noForegroundColor>
</targetLabel>
<points>
<point x="158" y="585"/>
<point x="158" y="668"/>
</points>
</Connector>
<Connector class="oracle.dbtools.crest.swingui.logical.TVRelation" oid="AFF5DE38-4477-8954-922A-7552FC5E95EB" otype="Relation" vid_source="9B653FDA-1C7C-29DC-A463-36EAED9D54E5" vid_target="65F032E6-857E-F51F-140E-190D7FD5E016">
<hideElementsInCurrentOnly>false</hideElementsInCurrentOnly>
<backgroundColor>-16777216</backgroundColor>
<lineWidth>1</lineWidth>
<sourceLabel class="oracle.dbtools.crest.model.design.Label">
<site>0</site>
<labelBounds x="167" y="148" width="193" height="16"/>
<noBackgroundColor>true</noBackgroundColor>
<noForegroundColor>true</noForegroundColor>
</sourceLabel>
<targetLabel class="oracle.dbtools.crest.model.design.Label">
<site>2</site>
<labelBounds x="659" y="124" width="43" height="26"/>
<noBackgroundColor>true</noBackgroundColor>
<noForegroundColor>true</noForegroundColor>
</targetLabel>
<points>
<point x="167" y="178"/>
<point x="167" y="151"/>
<point x="659" y="149"/>
<point x="659" y="172"/>
</points>
</Connector>
<Connector class="oracle.dbtools.crest.swingui.logical.TVRelation" oid="B15F91AB-F722-7049-E1F2-6D8F7ED52055" otype="Relation" vid_source="E2258672-4024-11EF-290C-C7684435847D" vid_target="9181BE7F-7400-1413-8313-89B4CA427398">
<hideElementsInCurrentOnly>false</hideElementsInCurrentOnly>
<backgroundColor>-16777216</backgroundColor>
<lineWidth>1</lineWidth>
<sourceLabel class="oracle.dbtools.crest.model.design.Label">
<site>0</site>
<labelBounds x="808" y="311" width="34" height="30"/>
<noBackgroundColor>true</noBackgroundColor>
<noForegroundColor>true</noForegroundColor>
</sourceLabel>
<targetLabel class="oracle.dbtools.crest.model.design.Label">
<site>2</site>
<labelBounds x="554" y="335" width="18" height="30"/>
<noBackgroundColor>true</noBackgroundColor>
<noForegroundColor>true</noForegroundColor>
</targetLabel>
<points>
<point x="848" y="341"/>
<point x="554" y="341"/>
<point x="554" y="387"/>
</points>
</Connector>
<Connector class="oracle.dbtools.crest.swingui.logical.TVRelation" oid="B95D3665-F413-DB2A-7163-ABAB8130CF0C" otype="Relation" vid_source="ABF034CB-CEF0-ECCB-4629-C2DB091CE99A" vid_target="65F032E6-857E-F51F-140E-190D7FD5E016">
<hideElementsInCurrentOnly>false</hideElementsInCurrentOnly>
<backgroundColor>-16777216</backgroundColor>
<lineWidth>1</lineWidth>
<sourceLabel class="oracle.dbtools.crest.model.design.Label">
<site>0</site>
<labelBounds x="682" y="60" width="92" height="30"/>
<noBackgroundColor>true</noBackgroundColor>
<noForegroundColor>true</noForegroundColor>
</sourceLabel>
<targetLabel class="oracle.dbtools.crest.model.design.Label">
<site>2</site>
<labelBounds x="727" y="112" width="18" height="30"/>
<noBackgroundColor>true</noBackgroundColor>
<noForegroundColor>true</noForegroundColor>
</targetLabel>
<points>
<point x="780" y="90"/>
<point x="727" y="90"/>
<point x="727" y="172"/>
</points>
</Connector>
<Connector class="oracle.dbtools.crest.swingui.logical.TVRelation" oid="C5170466-4460-02B2-ED4B-ADC7FB47B50F" otype="Relation" vid_source="CD879B34-49D1-288D-CD93-3779F60A0C06" vid_target="1BF14FF2-3EAC-AFB9-54A5-49ECFA612569">
<hideElementsInCurrentOnly>false</hideElementsInCurrentOnly>
<backgroundColor>-16777216</backgroundColor>
<lineWidth>1</lineWidth>
<sourceLabel class="oracle.dbtools.crest.model.design.Label">
<site>0</site>
<labelBounds x="356" y="743" width="62" height="30"/>
<noBackgroundColor>true</noBackgroundColor>
<noForegroundColor>true</noForegroundColor>
</sourceLabel>
<targetLabel class="oracle.dbtools.crest.model.design.Label">
<site>2</site>
<labelBounds x="201" y="745" width="10" height="23"/>
<noBackgroundColor>true</noBackgroundColor>
<noForegroundColor>true</noForegroundColor>
</targetLabel>
<points>
<point x="424" y="743"/>
<point x="191" y="745"/>
</points>
</Connector>
<Connector class="oracle.dbtools.crest.swingui.logical.TVRelation" oid="F25FEFBF-64B9-AEA4-1C4C-3CB896847F52" otype="Relation" vid_source="FE617B3A-17F3-685F-971C-B38F7725114B" vid_target="A1CB0C1E-92CE-2CF5-0DD1-008139C4CBB9">
<hideElementsInCurrentOnly>false</hideElementsInCurrentOnly>
<backgroundColor>-16777216</backgroundColor>
<lineWidth>1</lineWidth>
<sourceLabel class="oracle.dbtools.crest.model.design.Label">
<site>0</site>
<labelBounds x="226" y="651" width="72" height="44"/>
<noBackgroundColor>true</noBackgroundColor>
<noForegroundColor>true</noForegroundColor>
</sourceLabel>
<targetLabel class="oracle.dbtools.crest.model.design.Label">
<site>2</site>
<labelBounds x="350" y="649" width="19" height="34"/>
<noBackgroundColor>true</noBackgroundColor>
<noForegroundColor>true</noForegroundColor>
</targetLabel>
<points>
<point x="226" y="585"/>
<point x="226" y="646"/>
<point x="375" y="646"/>
</points>
</Connector>
<Connector class="oracle.dbtools.crest.swingui.logical.TVRelation" oid="F9342ECF-E6CD-7BF0-9022-E5D66D184B4A" otype="Relation" vid_source="1B70648A-9FF7-0B90-F20E-2EC3EAD54AD5" vid_target="FE617B3A-17F3-685F-971C-B38F7725114B">
<hideElementsInCurrentOnly>false</hideElementsInCurrentOnly>
<backgroundColor>-16777216</backgroundColor>
<lineWidth>1</lineWidth>
<sourceLabel class="oracle.dbtools.crest.model.design.Label">
<site>0</site>
<labelBounds x="452" y="351" width="31" height="30"/>
<noBackgroundColor>true</noBackgroundColor>
<noForegroundColor>true</noForegroundColor>
</sourceLabel>
<targetLabel class="oracle.dbtools.crest.model.design.Label">
<site>2</site>
<labelBounds x="227" y="332" width="18" height="30"/>
<noBackgroundColor>true</noBackgroundColor>
<noForegroundColor>true</noForegroundColor>
</targetLabel>
<points>
<point x="452" y="299"/>
<point x="452" y="342"/>
<point x="227" y="343"/>
<point x="227" y="392"/>
</points>
</Connector>
<Connector class="oracle.dbtools.crest.swingui.logical.TVRelation" oid="FC544CCA-F33C-E834-8DB5-6BF16DD10255" otype="Relation" vid_source="A63BF41B-F2FC-E247-D005-3661C52A670C" vid_target="A1CB0C1E-92CE-2CF5-0DD1-008139C4CBB9">
<hideElementsInCurrentOnly>false</hideElementsInCurrentOnly>
<backgroundColor>-16777216</backgroundColor>
<lineWidth>1</lineWidth>
<sourceLabel class="oracle.dbtools.crest.model.design.Label">
<site>0</site>
<labelBounds x="604" y="567" width="59" height="30"/>
<noBackgroundColor>true</noBackgroundColor>
<noForegroundColor>true</noForegroundColor>
</sourceLabel>
<targetLabel class="oracle.dbtools.crest.model.design.Label">
<site>2</site>
<labelBounds x="555" y="600" width="18" height="30"/>
<noBackgroundColor>true</noBackgroundColor>
<noForegroundColor>true</noForegroundColor>
</targetLabel>
<points>
<point x="669" y="597"/>
<point x="545" y="597"/>
</points>
</Connector>
</connectors>
</Diagram>
