<?xml version = '1.0' encoding = 'UTF-8'?>
<relationalModel class="oracle.dbtools.crest.model.design.relational.RelationalDesign" name="Relational_1" id="763A38F3-BB61-F111-A537-FCEFE45F10A7" mainViewID="F677177A-EA74-3998-313E-72F3DC8AA92F">
<createdBy>mlim0032</createdBy>
<createdTime>2021-04-24 04:52:23 UTC</createdTime>
<ownerDesignName>ad_oraclemodel</ownerDesignName>
<shouldBeOpen>false</shouldBeOpen>
<selectedRDBMSSite>32076570-2523-435C-2E92-BF29817DFF70</selectedRDBMSSite>
</relationalModel>