<?xml version = '1.0' encoding = 'UTF-8'?>
<Relation class="oracle.dbtools.crest.model.design.logical.Relation" name="VISIT_SUBSEQUENTVISIT" directorySegmentName="seg_0" id="1515A381-379A-5B57-9E86-2C4D88E891DB">
<createdBy>mlim0032</createdBy>
<createdTime>2021-04-25 07:18:30 UTC</createdTime>
<ownerDesignName>ad_oraclemodel</ownerDesignName>
<engineerTo>
<item key="763A38F3-BB61-F111-A537-FCEFE45F10A7" value="true"/>
</engineerTo>
<targetPk>6A5A0F5B-8E76-950B-A239-E54329CB876A</targetPk>
<identifying>false</identifying>
<nameOnSource>generates subsequent</nameOnSource>
<nameOnTarget> </nameOnTarget>
<optionalSource>true</optionalSource>
<optionalTarget>false</optionalTarget>
<sourceCardinality>1</sourceCardinality>
<sourceEntity>F56ADCBD-5E4C-A96D-2327-ECCBE8431864</sourceEntity>
<targetCardinalityString>*</targetCardinalityString>
<targetEntity>F56ADCBD-5E4C-A96D-2327-ECCBE8431864</targetEntity>
<transferable>true</transferable>
</Relation>
