<?xml version = '1.0' encoding = 'UTF-8'?>
<Relation class="oracle.dbtools.crest.model.design.logical.Relation" name="VET_ROVING" directorySegmentName="seg_0" id="20143423-AAE4-9CC9-789F-5E755598A93A">
<createdBy>mlim0032</createdBy>
<createdTime>2021-04-24 06:21:04 UTC</createdTime>
<ownerDesignName>ad_oraclemodel</ownerDesignName>
<engineerTo>
<item key="763A38F3-BB61-F111-A537-FCEFE45F10A7" value="true"/>
</engineerTo>
<sourcePk>53071333-68BC-E482-3566-CEA4FB8E882B</sourcePk>
<identifying>true</identifying>
<nameOnSource>makes</nameOnSource>
<nameOnTarget> </nameOnTarget>
<optionalSource>true</optionalSource>
<optionalTarget>false</optionalTarget>
<sourceCardinality>1</sourceCardinality>
<sourceEntity>2BE9E443-8A28-87FF-ECC9-2E67E88D0720</sourceEntity>
<targetCardinalityString>*</targetCardinalityString>
<targetEntity>F8A3A366-DCBB-833D-3D50-4D183AC1340F</targetEntity>
<transferable>true</transferable>
</Relation>
