<?xml version = '1.0' encoding = 'UTF-8'?>
<Relation class="oracle.dbtools.crest.model.design.logical.Relation" name="CLINIC_ROVING" directorySegmentName="seg_0" id="3852ECF1-FCDA-5D53-CFB4-442CBFFD1393">
<createdBy>mlim0032</createdBy>
<createdTime>2021-04-24 06:28:37 UTC</createdTime>
<ownerDesignName>ad_oraclemodel</ownerDesignName>
<engineerTo>
<item key="763A38F3-BB61-F111-A537-FCEFE45F10A7" value="true"/>
</engineerTo>
<sourcePk>D237AAD0-17CB-E649-6C27-5054AD5DA213</sourcePk>
<identifying>true</identifying>
<nameOnSource>has </nameOnSource>
<nameOnTarget> </nameOnTarget>
<optionalSource>true</optionalSource>
<optionalTarget>false</optionalTarget>
<sourceCardinality>1</sourceCardinality>
<sourceEntity>909AFE9F-1F83-B60B-25B2-CEC2D7E96AA3</sourceEntity>
<targetCardinalityString>*</targetCardinalityString>
<targetEntity>F8A3A366-DCBB-833D-3D50-4D183AC1340F</targetEntity>
<transferable>true</transferable>
<deleteRule>NO ACTION</deleteRule>
</Relation>
