<?xml version = '1.0' encoding = 'UTF-8'?>
<Relation class="oracle.dbtools.crest.model.design.logical.Relation" name="VET_OWNER" directorySegmentName="seg_0" id="70783970-B2EA-B414-F2E7-22B2324DC83C">
<createdBy>mlim0032</createdBy>
<createdTime>2021-04-25 03:11:34 UTC</createdTime>
<ownerDesignName>ad_oraclemodel</ownerDesignName>
<engineerTo>
<item key="763A38F3-BB61-F111-A537-FCEFE45F10A7" value="true"/>
</engineerTo>
<sourcePk>53071333-68BC-E482-3566-CEA4FB8E882B</sourcePk>
<identifying>false</identifying>
<nameOnSource>is preferred by</nameOnSource>
<nameOnTarget> </nameOnTarget>
<optionalSource>true</optionalSource>
<optionalTarget>false</optionalTarget>
<sourceCardinality>1</sourceCardinality>
<sourceEntity>2BE9E443-8A28-87FF-ECC9-2E67E88D0720</sourceEntity>
<targetCardinalityString>*</targetCardinalityString>
<targetEntity>41312A25-DA47-AC0E-BD27-6124A40B7F70</targetEntity>
<transferable>true</transferable>
</Relation>
