<?xml version = '1.0' encoding = 'UTF-8'?>
<Relation class="oracle.dbtools.crest.model.design.logical.Relation" name="PET_VISIT" directorySegmentName="seg_0" id="772DD4CD-49AF-3558-5B2F-1002DBAB4F10">
<createdBy>mlim0032</createdBy>
<createdTime>2021-04-25 01:25:03 UTC</createdTime>
<ownerDesignName>ad_oraclemodel</ownerDesignName>
<engineerTo>
<item key="763A38F3-BB61-F111-A537-FCEFE45F10A7" value="true"/>
</engineerTo>
<sourcePk>DC5A3AF5-C9B7-ED0C-BBBD-D03AAF0B72B3</sourcePk>
<dominantRole>11E1CE26-9CB8-C7F5-16E9-3F1C070081DD</dominantRole>
<identifying>false</identifying>
<nameOnSource>has</nameOnSource>
<nameOnTarget> </nameOnTarget>
<optionalSource>false</optionalSource>
<optionalTarget>false</optionalTarget>
<sourceCardinality>1</sourceCardinality>
<sourceEntity>11E1CE26-9CB8-C7F5-16E9-3F1C070081DD</sourceEntity>
<targetCardinalityString>1</targetCardinalityString>
<targetEntity>F56ADCBD-5E4C-A96D-2327-ECCBE8431864</targetEntity>
<transferable>true</transferable>
</Relation>
