<?xml version = '1.0' encoding = 'UTF-8'?>
<Relation class="oracle.dbtools.crest.model.design.logical.Relation" name="SPECIALISATION_VET" directorySegmentName="seg_0" id="B95D3665-F413-DB2A-7163-ABAB8130CF0C">
<createdBy>mlim0032</createdBy>
<createdTime>2021-04-24 06:53:33 UTC</createdTime>
<ownerDesignName>ad_oraclemodel</ownerDesignName>
<engineerTo>
<item key="763A38F3-BB61-F111-A537-FCEFE45F10A7" value="true"/>
</engineerTo>
<sourcePk>BF73903C-4AF8-E4C8-DE46-2F06C25F57F3</sourcePk>
<identifying>false</identifying>
<nameOnSource>is specialised by</nameOnSource>
<nameOnTarget> </nameOnTarget>
<optionalSource>true</optionalSource>
<optionalTarget>true</optionalTarget>
<sourceCardinality>1</sourceCardinality>
<sourceEntity>D79058E3-309B-CD2B-1DE8-7765954E22A0</sourceEntity>
<targetCardinalityString>*</targetCardinalityString>
<targetEntity>2BE9E443-8A28-87FF-ECC9-2E67E88D0720</targetEntity>
<transferable>true</transferable>
</Relation>
