<?xml version = '1.0' encoding = 'UTF-8'?>
<Relation class="oracle.dbtools.crest.model.design.logical.Relation" name="VISIT_VISITSERVICE" directorySegmentName="seg_0" id="F25FEFBF-64B9-AEA4-1C4C-3CB896847F52">
<createdBy>mlim0032</createdBy>
<createdTime>2021-04-25 04:58:55 UTC</createdTime>
<ownerDesignName>ad_oraclemodel</ownerDesignName>
<engineerTo>
<item key="763A38F3-BB61-F111-A537-FCEFE45F10A7" value="true"/>
</engineerTo>
<sourcePk>6A5A0F5B-8E76-950B-A239-E54329CB876A</sourcePk>
<identifying>true</identifying>
<nameOnSource>includes</nameOnSource>
<nameOnTarget> </nameOnTarget>
<optionalSource>false</optionalSource>
<optionalTarget>false</optionalTarget>
<sourceCardinality>1</sourceCardinality>
<sourceEntity>F56ADCBD-5E4C-A96D-2327-ECCBE8431864</sourceEntity>
<targetCardinalityString>*</targetCardinalityString>
<targetEntity>01F804C0-0823-0759-07A4-38B731EBAA12</targetEntity>
<transferable>true</transferable>
</Relation>
