<?xml version = '1.0' encoding = 'UTF-8'?>
<Entity class="oracle.dbtools.crest.model.design.logical.Entity" directorySegmentName="seg_0" id="11E1CE26-9CB8-C7F5-16E9-3F1C070081DD" name="PET">
<createdBy>mlim0032</createdBy>
<createdTime>2021-04-24 15:26:48 UTC</createdTime>
<ownerDesignName>ad_oraclemodel</ownerDesignName>
<engineerTo>
<item key="763A38F3-BB61-F111-A537-FCEFE45F10A7" value="true"/>
</engineerTo>
<adequatelyNormalized>NO</adequatelyNormalized>
<expectedVolumes>0</expectedVolumes>
<fwdEngineeringStrategyName>Single Table</fwdEngineeringStrategyName>
<growthPercent>0</growthPercent>
<growthType>Year</growthType>
<maxVolumes>9999999</maxVolumes>
<minVolumes>0</minVolumes>
<normalForm>Third</normalForm>
<attributes itemClass="oracle.dbtools.crest.model.design.logical.Attribute">
<Attribute name="pet_id" id="913161CE-3C40-BFD5-9BF3-615C9DD9D9B6">
<createdBy>mlim0032</createdBy>
<createdTime>2021-04-24 15:26:54 UTC</createdTime>
<commentInRDBMS><![CDATA[pet id]]></commentInRDBMS>
<ownerDesignName>ad_oraclemodel</ownerDesignName>
<engineerTo>
<item key="763A38F3-BB61-F111-A537-FCEFE45F10A7" value="true"/>
</engineerTo>
<useDomainConstraints>false</useDomainConstraints>
<use>1</use>
<logicalDatatype>LOGDT019</logicalDatatype>
<dataTypePrecision>6</dataTypePrecision>
<ownDataTypeParameters>,6,</ownDataTypeParameters>
</Attribute>
<Attribute name="pet_gender" id="4DE2F6E9-B406-57D9-E6E5-95A09462F399">
<createdBy>mlim0032</createdBy>
<createdTime>2021-04-24 15:27:33 UTC</createdTime>
<commentInRDBMS><![CDATA[pet gender]]></commentInRDBMS>
<ownerDesignName>ad_oraclemodel</ownerDesignName>
<engineerTo>
<item key="763A38F3-BB61-F111-A537-FCEFE45F10A7" value="true"/>
</engineerTo>
<useDomainConstraints>false</useDomainConstraints>
<use>1</use>
<logicalDatatype>LOGDT024</logicalDatatype>
<dataTypeSize>6</dataTypeSize>
<ownDataTypeParameters>6,,</ownDataTypeParameters>
</Attribute>
<Attribute name="pet_name" id="AF09C726-81A2-E549-0323-7855CC2C7A53">
<createdBy>mlim0032</createdBy>
<createdTime>2021-04-24 15:30:17 UTC</createdTime>
<commentInRDBMS><![CDATA[pet name]]></commentInRDBMS>
<ownerDesignName>ad_oraclemodel</ownerDesignName>
<engineerTo>
<item key="763A38F3-BB61-F111-A537-FCEFE45F10A7" value="true"/>
</engineerTo>
<useDomainConstraints>false</useDomainConstraints>
<use>1</use>
<logicalDatatype>LOGDT024</logicalDatatype>
<dataTypeSize>15</dataTypeSize>
<ownDataTypeParameters>15,,</ownDataTypeParameters>
</Attribute>
<Attribute name="pet_bdate" id="ABB363B0-7A03-57CC-4F34-D7059B2654B9">
<createdBy>mlim0032</createdBy>
<createdTime>2021-04-24 15:31:52 UTC</createdTime>
<commentInRDBMS><![CDATA[pet birthdate]]></commentInRDBMS>
<ownerDesignName>ad_oraclemodel</ownerDesignName>
<engineerTo>
<item key="763A38F3-BB61-F111-A537-FCEFE45F10A7" value="true"/>
</engineerTo>
<useDomainConstraints>false</useDomainConstraints>
<use>1</use>
<logicalDatatype>LOGDT007</logicalDatatype>
<ownDataTypeParameters>,,</ownDataTypeParameters>
</Attribute>
<Attribute name="pet_deceased" id="A3FC076F-2A8A-16F0-C41B-E0CC0A54FD31">
<createdBy>mlim0032</createdBy>
<createdTime>2021-04-24 15:32:32 UTC</createdTime>
<commentInRDBMS><![CDATA[pet deceased status]]></commentInRDBMS>
<ownerDesignName>ad_oraclemodel</ownerDesignName>
<engineerTo>
<item key="763A38F3-BB61-F111-A537-FCEFE45F10A7" value="true"/>
</engineerTo>
<constraintName>chk_pet_deceased</constraintName>
<useDomainConstraints>false</useDomainConstraints>
<use>1</use>
<logicalDatatype>LOGDT025</logicalDatatype>
<dataTypeSize>1</dataTypeSize>
<listOfValues>
<valueDef value="N" description="No"/>
<valueDef value="Y" description="Yes"/>
</listOfValues>
<ownDataTypeParameters>1,,</ownDataTypeParameters>
</Attribute>
<Attribute name="pet_type" id="C2A590A0-2E2E-253E-8A83-7B447BAEB588">
<createdBy>mlim0032</createdBy>
<createdTime>2021-04-25 02:37:47 UTC</createdTime>
<commentInRDBMS><![CDATA[pet type code]]></commentInRDBMS>
<generatorID>81CE0BE8-5FEC-5613-3E6B-ED327216A2B3</generatorID>
<ownerDesignName>ad_oraclemodel</ownerDesignName>
<engineerTo>
<item key="763A38F3-BB61-F111-A537-FCEFE45F10A7" value="true"/>
</engineerTo>
<referedAttribute>FEECC16D-DA6E-54DB-1723-9162D0447DD8</referedAttribute>
<useDomainConstraints>false</useDomainConstraints>
<use>1</use>
<logicalDatatype>LOGDT025</logicalDatatype>
<dataTypeSize>5</dataTypeSize>
<ownDataTypeParameters>,,</ownDataTypeParameters>
</Attribute>
<Attribute name="owner_id" id="F279CE6B-3697-1D8B-C1CA-4377816DB74D">
<createdBy>mlim0032</createdBy>
<createdTime>2021-04-25 03:00:54 UTC</createdTime>
<commentInRDBMS><![CDATA[owner id]]></commentInRDBMS>
<generatorID>B15F91AB-F722-7049-E1F2-6D8F7ED52055</generatorID>
<ownerDesignName>ad_oraclemodel</ownerDesignName>
<engineerTo>
<item key="763A38F3-BB61-F111-A537-FCEFE45F10A7" value="true"/>
</engineerTo>
<referedAttribute>7B8D0855-F555-6618-6385-E4812AE6BF19</referedAttribute>
<useDomainConstraints>false</useDomainConstraints>
<use>1</use>
<logicalDatatype>LOGDT019</logicalDatatype>
<dataTypePrecision>6</dataTypePrecision>
<ownDataTypeParameters>,,</ownDataTypeParameters>
</Attribute>
</attributes>
<identifiers itemClass="oracle.dbtools.crest.model.design.logical.CandidateKey">
<identifier id="DC5A3AF5-C9B7-ED0C-BBBD-D03AAF0B72B3" name="PET PK">
<createdBy>mlim0032</createdBy>
<createdTime>2021-04-24 15:27:31 UTC</createdTime>
<ownerDesignName>ad_oraclemodel</ownerDesignName>
<engineerTo>
<item key="763A38F3-BB61-F111-A537-FCEFE45F10A7" value="true"/>
</engineerTo>
<pk>true</pk>
<usedAttributes>
<attributeRef>913161CE-3C40-BFD5-9BF3-615C9DD9D9B6</attributeRef>
</usedAttributes>
</identifier>
</identifiers>
</Entity>
