<?xml version = '1.0' encoding = 'UTF-8'?>
<Entity class="oracle.dbtools.crest.model.design.logical.Entity" directorySegmentName="seg_0" id="4471219E-9C8F-DB2A-2FF7-050AD34989AB" name="PET_TYPE">
<createdBy>mlim0032</createdBy>
<createdTime>2021-04-25 02:33:26 UTC</createdTime>
<ownerDesignName>ad_oraclemodel</ownerDesignName>
<engineerTo>
<item key="763A38F3-BB61-F111-A537-FCEFE45F10A7" value="true"/>
</engineerTo>
<adequatelyNormalized>NO</adequatelyNormalized>
<expectedVolumes>0</expectedVolumes>
<fwdEngineeringStrategyName>Single Table</fwdEngineeringStrategyName>
<growthPercent>0</growthPercent>
<growthType>Year</growthType>
<maxVolumes>9999999</maxVolumes>
<minVolumes>0</minVolumes>
<normalForm>Third</normalForm>
<attributes itemClass="oracle.dbtools.crest.model.design.logical.Attribute">
<Attribute name="pet_type_code" id="FEECC16D-DA6E-54DB-1723-9162D0447DD8">
<createdBy>mlim0032</createdBy>
<createdTime>2021-04-25 02:33:40 UTC</createdTime>
<commentInRDBMS><![CDATA[pet type code]]></commentInRDBMS>
<ownerDesignName>ad_oraclemodel</ownerDesignName>
<engineerTo>
<item key="763A38F3-BB61-F111-A537-FCEFE45F10A7" value="true"/>
</engineerTo>
<useDomainConstraints>false</useDomainConstraints>
<use>1</use>
<logicalDatatype>LOGDT025</logicalDatatype>
<dataTypeSize>5</dataTypeSize>
<ownDataTypeParameters>5,,</ownDataTypeParameters>
</Attribute>
<Attribute name="pet_type_name" id="F2CFF928-3401-7B21-E349-7439451788AB">
<createdBy>mlim0032</createdBy>
<createdTime>2021-04-25 02:36:05 UTC</createdTime>
<commentInRDBMS><![CDATA[pet type name]]></commentInRDBMS>
<ownerDesignName>ad_oraclemodel</ownerDesignName>
<engineerTo>
<item key="763A38F3-BB61-F111-A537-FCEFE45F10A7" value="true"/>
</engineerTo>
<useDomainConstraints>false</useDomainConstraints>
<use>1</use>
<logicalDatatype>LOGDT024</logicalDatatype>
<dataTypeSize>50</dataTypeSize>
<ownDataTypeParameters>50,,</ownDataTypeParameters>
</Attribute>
</attributes>
<identifiers itemClass="oracle.dbtools.crest.model.design.logical.CandidateKey">
<identifier id="351548F7-18F6-3E3F-B2FA-6968800D5C4F" name="PET_TYPE PK">
<createdBy>mlim0032</createdBy>
<createdTime>2021-04-25 02:36:33 UTC</createdTime>
<ownerDesignName>ad_oraclemodel</ownerDesignName>
<engineerTo>
<item key="763A38F3-BB61-F111-A537-FCEFE45F10A7" value="true"/>
</engineerTo>
<pk>true</pk>
<usedAttributes>
<attributeRef>FEECC16D-DA6E-54DB-1723-9162D0447DD8</attributeRef>
</usedAttributes>
</identifier>
</identifiers>
</Entity>
