<?xml version = '1.0' encoding = 'UTF-8'?>
<Entity class="oracle.dbtools.crest.model.design.logical.Entity" directorySegmentName="seg_0" id="4DCC3186-ACB7-2EDC-3B7C-8E74A6A81EA4" name="DRUG">
<createdBy>mlim0032</createdBy>
<createdTime>2021-04-25 04:15:54 UTC</createdTime>
<ownerDesignName>ad_oraclemodel</ownerDesignName>
<engineerTo>
<item key="763A38F3-BB61-F111-A537-FCEFE45F10A7" value="true"/>
</engineerTo>
<adequatelyNormalized>NO</adequatelyNormalized>
<expectedVolumes>0</expectedVolumes>
<fwdEngineeringStrategyName>Single Table</fwdEngineeringStrategyName>
<growthPercent>0</growthPercent>
<growthType>Year</growthType>
<maxVolumes>9999999</maxVolumes>
<minVolumes>0</minVolumes>
<normalForm>Third</normalForm>
<attributes itemClass="oracle.dbtools.crest.model.design.logical.Attribute">
<Attribute name="drug_id" id="0912C467-D7CA-5CE8-255C-85B58841D5A1">
<createdBy>mlim0032</createdBy>
<createdTime>2021-04-25 04:15:58 UTC</createdTime>
<commentInRDBMS><![CDATA[drug id]]></commentInRDBMS>
<ownerDesignName>ad_oraclemodel</ownerDesignName>
<engineerTo>
<item key="763A38F3-BB61-F111-A537-FCEFE45F10A7" value="true"/>
</engineerTo>
<useDomainConstraints>false</useDomainConstraints>
<use>1</use>
<logicalDatatype>LOGDT019</logicalDatatype>
<dataTypePrecision>5</dataTypePrecision>
<ownDataTypeParameters>,5,</ownDataTypeParameters>
</Attribute>
<Attribute name="drug_name" id="D6390227-E8A3-419C-9750-A240A66369B2">
<createdBy>mlim0032</createdBy>
<createdTime>2021-04-25 04:16:26 UTC</createdTime>
<commentInRDBMS><![CDATA[drug name]]></commentInRDBMS>
<ownerDesignName>ad_oraclemodel</ownerDesignName>
<engineerTo>
<item key="763A38F3-BB61-F111-A537-FCEFE45F10A7" value="true"/>
</engineerTo>
<useDomainConstraints>false</useDomainConstraints>
<use>1</use>
<logicalDatatype>LOGDT024</logicalDatatype>
<dataTypeSize>50</dataTypeSize>
<ownDataTypeParameters>50,,</ownDataTypeParameters>
</Attribute>
<Attribute name="drug_usage_guide" id="64E23CE5-A3D9-C22D-AF9F-3DA33C1251F1">
<createdBy>mlim0032</createdBy>
<createdTime>2021-04-25 04:20:29 UTC</createdTime>
<commentInRDBMS><![CDATA[drug usage guide]]></commentInRDBMS>
<ownerDesignName>ad_oraclemodel</ownerDesignName>
<engineerTo>
<item key="763A38F3-BB61-F111-A537-FCEFE45F10A7" value="true"/>
</engineerTo>
<useDomainConstraints>false</useDomainConstraints>
<use>1</use>
<logicalDatatype>LOGDT024</logicalDatatype>
<dataTypeSize>100</dataTypeSize>
<ownDataTypeParameters>100,,</ownDataTypeParameters>
</Attribute>
<Attribute name="drug_standard_cost" id="C5AA8104-FE0F-7A33-E897-5E53A1AEC184">
<createdBy>mlim0032</createdBy>
<createdTime>2021-04-25 04:21:30 UTC</createdTime>
<commentInRDBMS><![CDATA[drug standard cost]]></commentInRDBMS>
<ownerDesignName>ad_oraclemodel</ownerDesignName>
<engineerTo>
<item key="763A38F3-BB61-F111-A537-FCEFE45F10A7" value="true"/>
</engineerTo>
<useDomainConstraints>false</useDomainConstraints>
<use>1</use>
<logicalDatatype>LOGDT019</logicalDatatype>
<dataTypePrecision>6</dataTypePrecision>
<dataTypeScale>2</dataTypeScale>
<ownDataTypeParameters>,6,2</ownDataTypeParameters>
</Attribute>
</attributes>
<identifiers itemClass="oracle.dbtools.crest.model.design.logical.CandidateKey">
<identifier id="B20E9AB0-0602-E46B-4BEB-3FF202E13699" name="DRUG PK">
<createdBy>mlim0032</createdBy>
<createdTime>2021-04-25 04:16:23 UTC</createdTime>
<ownerDesignName>ad_oraclemodel</ownerDesignName>
<engineerTo>
<item key="763A38F3-BB61-F111-A537-FCEFE45F10A7" value="true"/>
</engineerTo>
<pk>true</pk>
<usedAttributes>
<attributeRef>0912C467-D7CA-5CE8-255C-85B58841D5A1</attributeRef>
</usedAttributes>
</identifier>
</identifiers>
</Entity>
