<?xml version = '1.0' encoding = 'UTF-8'?>
<Entity class="oracle.dbtools.crest.model.design.logical.Entity" directorySegmentName="seg_0" id="A7BF712B-C660-1BC7-6139-3BE356B2ABAE" name="SERVICE">
<createdBy>mlim0032</createdBy>
<createdTime>2021-04-25 04:47:58 UTC</createdTime>
<ownerDesignName>ad_oraclemodel</ownerDesignName>
<engineerTo>
<item key="763A38F3-BB61-F111-A537-FCEFE45F10A7" value="true"/>
</engineerTo>
<adequatelyNormalized>NO</adequatelyNormalized>
<expectedVolumes>0</expectedVolumes>
<fwdEngineeringStrategyName>Single Table</fwdEngineeringStrategyName>
<growthPercent>0</growthPercent>
<growthType>Year</growthType>
<maxVolumes>9999999</maxVolumes>
<minVolumes>0</minVolumes>
<normalForm>Third</normalForm>
<attributes itemClass="oracle.dbtools.crest.model.design.logical.Attribute">
<Attribute name="service_code" id="5193B681-FD95-C97B-C082-F98E65799125">
<createdBy>mlim0032</createdBy>
<createdTime>2021-04-25 04:48:04 UTC</createdTime>
<commentInRDBMS><![CDATA[service code]]></commentInRDBMS>
<ownerDesignName>ad_oraclemodel</ownerDesignName>
<engineerTo>
<item key="763A38F3-BB61-F111-A537-FCEFE45F10A7" value="true"/>
</engineerTo>
<useDomainConstraints>false</useDomainConstraints>
<use>1</use>
<logicalDatatype>LOGDT025</logicalDatatype>
<dataTypeSize>5</dataTypeSize>
<ownDataTypeParameters>5,,</ownDataTypeParameters>
</Attribute>
<Attribute name="service_desc" id="A147D782-B0FF-2448-24FA-66A187670B36">
<createdBy>mlim0032</createdBy>
<createdTime>2021-04-25 04:48:26 UTC</createdTime>
<commentInRDBMS><![CDATA[service description]]></commentInRDBMS>
<ownerDesignName>ad_oraclemodel</ownerDesignName>
<engineerTo>
<item key="763A38F3-BB61-F111-A537-FCEFE45F10A7" value="true"/>
</engineerTo>
<useDomainConstraints>false</useDomainConstraints>
<use>1</use>
<logicalDatatype>LOGDT024</logicalDatatype>
<dataTypeSize>150</dataTypeSize>
<ownDataTypeParameters>150,,</ownDataTypeParameters>
</Attribute>
<Attribute name="service_standard_cost" id="BA444974-5C00-5FF4-FB78-EE49813FF743">
<createdBy>mlim0032</createdBy>
<createdTime>2021-04-25 04:56:58 UTC</createdTime>
<commentInRDBMS><![CDATA[service standard cost]]></commentInRDBMS>
<ownerDesignName>ad_oraclemodel</ownerDesignName>
<engineerTo>
<item key="763A38F3-BB61-F111-A537-FCEFE45F10A7" value="true"/>
</engineerTo>
<useDomainConstraints>false</useDomainConstraints>
<use>1</use>
<logicalDatatype>LOGDT019</logicalDatatype>
<dataTypePrecision>6</dataTypePrecision>
<dataTypeScale>2</dataTypeScale>
<ownDataTypeParameters>,6,2</ownDataTypeParameters>
</Attribute>
</attributes>
<identifiers itemClass="oracle.dbtools.crest.model.design.logical.CandidateKey">
<identifier id="DEB38B58-7392-A490-4839-2ED4A8535627" name="SERVICE PK">
<createdBy>mlim0032</createdBy>
<createdTime>2021-04-25 04:48:08 UTC</createdTime>
<ownerDesignName>ad_oraclemodel</ownerDesignName>
<engineerTo>
<item key="763A38F3-BB61-F111-A537-FCEFE45F10A7" value="true"/>
</engineerTo>
<pk>true</pk>
<usedAttributes>
<attributeRef>5193B681-FD95-C97B-C082-F98E65799125</attributeRef>
</usedAttributes>
</identifier>
</identifiers>
</Entity>
