<?xml version = '1.0' encoding = 'UTF-8'?>
<Entity class="oracle.dbtools.crest.model.design.logical.Entity" directorySegmentName="seg_0" id="F56ADCBD-5E4C-A96D-2327-ECCBE8431864" name="VISIT">
<createdBy>mlim0032</createdBy>
<createdTime>2021-04-24 14:44:44 UTC</createdTime>
<ownerDesignName>ad_oraclemodel</ownerDesignName>
<engineerTo>
<item key="763A38F3-BB61-F111-A537-FCEFE45F10A7" value="true"/>
</engineerTo>
<adequatelyNormalized>NO</adequatelyNormalized>
<expectedVolumes>0</expectedVolumes>
<fwdEngineeringStrategyName>Single Table</fwdEngineeringStrategyName>
<growthPercent>0</growthPercent>
<growthType>Year</growthType>
<maxVolumes>9999999</maxVolumes>
<minVolumes>0</minVolumes>
<normalForm>Third</normalForm>
<attributes itemClass="oracle.dbtools.crest.model.design.logical.Attribute">
<Attribute name="visit_id" id="8ED05ECE-68D7-6E40-5C03-053A9EF4C634">
<createdBy>mlim0032</createdBy>
<createdTime>2021-04-25 06:40:19 UTC</createdTime>
<commentInRDBMS><![CDATA[visit id (surrogate PK)]]></commentInRDBMS>
<ownerDesignName>ad_oraclemodel</ownerDesignName>
<engineerTo>
<item key="763A38F3-BB61-F111-A537-FCEFE45F10A7" value="true"/>
</engineerTo>
<useDomainConstraints>false</useDomainConstraints>
<use>1</use>
<logicalDatatype>LOGDT019</logicalDatatype>
<dataTypePrecision>10</dataTypePrecision>
<ownDataTypeParameters>,10,</ownDataTypeParameters>
</Attribute>
<Attribute name="visit_datetime" id="ABF89B59-2DDA-495F-49D6-2426D5A271ED">
<createdBy>mlim0032</createdBy>
<createdTime>2021-04-24 14:45:11 UTC</createdTime>
<commentInRDBMS><![CDATA[date and time of visit]]></commentInRDBMS>
<ownerDesignName>ad_oraclemodel</ownerDesignName>
<engineerTo>
<item key="763A38F3-BB61-F111-A537-FCEFE45F10A7" value="true"/>
</engineerTo>
<useDomainConstraints>false</useDomainConstraints>
<use>1</use>
<logicalDatatype>LOGDT007</logicalDatatype>
<ownDataTypeParameters>,,</ownDataTypeParameters>
</Attribute>
<Attribute name="pet_id" id="80F1715B-0CA8-AFF2-7A10-36F2CB5D072E">
<createdBy>mlim0032</createdBy>
<createdTime>2021-04-26 07:11:31 UTC</createdTime>
<commentInRDBMS><![CDATA[pet id]]></commentInRDBMS>
<generatorID>772DD4CD-49AF-3558-5B2F-1002DBAB4F10</generatorID>
<ownerDesignName>ad_oraclemodel</ownerDesignName>
<engineerTo>
<item key="763A38F3-BB61-F111-A537-FCEFE45F10A7" value="true"/>
</engineerTo>
<referedAttribute>913161CE-3C40-BFD5-9BF3-615C9DD9D9B6</referedAttribute>
<useDomainConstraints>false</useDomainConstraints>
<use>1</use>
<logicalDatatype>LOGDT019</logicalDatatype>
<dataTypePrecision>6</dataTypePrecision>
<ownDataTypeParameters>,,</ownDataTypeParameters>
</Attribute>
<Attribute name="visit_duration" id="0F7FCA13-5A31-BDD5-A7AF-092695418A99">
<createdBy>mlim0032</createdBy>
<createdTime>2021-04-24 14:48:51 UTC</createdTime>
<commentInRDBMS><![CDATA[length/duration of the visit]]></commentInRDBMS>
<ownerDesignName>ad_oraclemodel</ownerDesignName>
<engineerTo>
<item key="763A38F3-BB61-F111-A537-FCEFE45F10A7" value="true"/>
</engineerTo>
<useDomainConstraints>false</useDomainConstraints>
<use>1</use>
<logicalDatatype>LOGDT019</logicalDatatype>
<dataTypePrecision>4</dataTypePrecision>
<ownDataTypeParameters>,4,</ownDataTypeParameters>
</Attribute>
<Attribute name="visit_notes" id="617E667A-D973-C07B-3F8C-78548F056645">
<createdBy>mlim0032</createdBy>
<createdTime>2021-04-24 14:51:01 UTC</createdTime>
<commentInRDBMS><![CDATA[notes made in that visit]]></commentInRDBMS>
<ownerDesignName>ad_oraclemodel</ownerDesignName>
<engineerTo>
<item key="763A38F3-BB61-F111-A537-FCEFE45F10A7" value="true"/>
</engineerTo>
<nullsAllowed>true</nullsAllowed>
<useDomainConstraints>false</useDomainConstraints>
<use>1</use>
<logicalDatatype>LOGDT024</logicalDatatype>
<dataTypeSize>100</dataTypeSize>
<ownDataTypeParameters>100,,</ownDataTypeParameters>
</Attribute>
<Attribute name="visit_totalcost" id="101C326B-0725-0631-91DC-ECBA36F53F82">
<createdBy>mlim0032</createdBy>
<createdTime>2021-04-24 15:40:25 UTC</createdTime>
<commentInRDBMS><![CDATA[total cost of the visit, including service cost and drug cost]]></commentInRDBMS>
<ownerDesignName>ad_oraclemodel</ownerDesignName>
<engineerTo>
<item key="763A38F3-BB61-F111-A537-FCEFE45F10A7" value="true"/>
</engineerTo>
<useDomainConstraints>false</useDomainConstraints>
<use>1</use>
<logicalDatatype>LOGDT019</logicalDatatype>
<dataTypePrecision>8</dataTypePrecision>
<dataTypeScale>2</dataTypeScale>
<ownDataTypeParameters>,8,2</ownDataTypeParameters>
</Attribute>
<Attribute name="visit_paidby" id="A8BA76BC-46BF-8D66-AF7F-70D8EFB27263">
<createdBy>mlim0032</createdBy>
<createdTime>2021-04-24 15:41:59 UTC</createdTime>
<commentInRDBMS><![CDATA[payment method of that visit]]></commentInRDBMS>
<ownerDesignName>ad_oraclemodel</ownerDesignName>
<engineerTo>
<item key="763A38F3-BB61-F111-A537-FCEFE45F10A7" value="true"/>
</engineerTo>
<constraintName>chk_visit_paidby</constraintName>
<useDomainConstraints>false</useDomainConstraints>
<use>1</use>
<logicalDatatype>LOGDT025</logicalDatatype>
<dataTypeSize>4</dataTypeSize>
<listOfValues>
<valueDef value="CASH" description="Cash"/>
<valueDef value="EPT" description="Ept"/>
</listOfValues>
<ownDataTypeParameters>4,,</ownDataTypeParameters>
</Attribute>
<Attribute name="vet_id" id="F56419B7-D262-86A0-33AE-8337428332AE">
<createdBy>mlim0032</createdBy>
<createdTime>2021-04-24 15:47:50 UTC</createdTime>
<commentInRDBMS><![CDATA[vet id]]></commentInRDBMS>
<generatorID>F9342ECF-E6CD-7BF0-9022-E5D66D184B4A</generatorID>
<ownerDesignName>ad_oraclemodel</ownerDesignName>
<engineerTo>
<item key="763A38F3-BB61-F111-A537-FCEFE45F10A7" value="true"/>
</engineerTo>
<referedAttribute>9FD45127-DC93-98B0-B480-7969E5D8470F</referedAttribute>
<useDomainConstraints>false</useDomainConstraints>
<use>1</use>
<logicalDatatype>LOGDT019</logicalDatatype>
<dataTypePrecision>6</dataTypePrecision>
<ownDataTypeParameters>,,</ownDataTypeParameters>
</Attribute>
<Attribute name="clinic_id" id="C256BD62-81EE-779C-C4E9-AAA2A15556F8">
<createdBy>mlim0032</createdBy>
<createdTime>2021-04-24 15:47:50 UTC</createdTime>
<commentInRDBMS><![CDATA[clinic id]]></commentInRDBMS>
<generatorID>F9342ECF-E6CD-7BF0-9022-E5D66D184B4A</generatorID>
<ownerDesignName>ad_oraclemodel</ownerDesignName>
<engineerTo>
<item key="763A38F3-BB61-F111-A537-FCEFE45F10A7" value="true"/>
</engineerTo>
<referedAttribute>9E5419B3-9161-4770-F2FA-DB80F719F142</referedAttribute>
<useDomainConstraints>false</useDomainConstraints>
<use>1</use>
<logicalDatatype>LOGDT019</logicalDatatype>
<dataTypePrecision>5</dataTypePrecision>
<ownDataTypeParameters>,,</ownDataTypeParameters>
</Attribute>
<Attribute name="prev_visit_id" id="A61D3506-28F7-70E9-5B19-29BFDF964878">
<createdBy>mlim0032</createdBy>
<createdTime>2021-04-25 07:18:30 UTC</createdTime>
<commentInRDBMS><![CDATA[visit id (surrogate PK)]]></commentInRDBMS>
<generatorID>1515A381-379A-5B57-9E86-2C4D88E891DB</generatorID>
<ownerDesignName>ad_oraclemodel</ownerDesignName>
<engineerTo>
<item key="763A38F3-BB61-F111-A537-FCEFE45F10A7" value="true"/>
</engineerTo>
<nullsAllowed>true</nullsAllowed>
<referedAttribute>8ED05ECE-68D7-6E40-5C03-053A9EF4C634</referedAttribute>
<useDomainConstraints>false</useDomainConstraints>
<use>1</use>
<logicalDatatype>LOGDT019</logicalDatatype>
<dataTypePrecision>10</dataTypePrecision>
<ownDataTypeParameters>,,</ownDataTypeParameters>
</Attribute>
</attributes>
<identifiers itemClass="oracle.dbtools.crest.model.design.logical.CandidateKey">
<identifier id="6A5A0F5B-8E76-950B-A239-E54329CB876A" name="VISIT PK">
<createdBy>mlim0032</createdBy>
<createdTime>2021-04-24 14:47:05 UTC</createdTime>
<ownerDesignName>ad_oraclemodel</ownerDesignName>
<engineerTo>
<item key="763A38F3-BB61-F111-A537-FCEFE45F10A7" value="true"/>
</engineerTo>
<pk>true</pk>
<usedAttributes>
<attributeRef>8ED05ECE-68D7-6E40-5C03-053A9EF4C634</attributeRef>
</usedAttributes>
</identifier>
<identifier id="05E04800-20A8-E2AA-7E3F-9BC5CD2353DE" name="VISIT_NK">
<createdBy>mlim0032</createdBy>
<createdTime>2021-04-25 06:53:05 UTC</createdTime>
<ownerDesignName>ad_oraclemodel</ownerDesignName>
<engineerTo>
<item key="763A38F3-BB61-F111-A537-FCEFE45F10A7" value="true"/>
</engineerTo>
<newElementsIDs>ABF89B59-2DDA-495F-49D6-2426D5A271ED,772DD4CD-49AF-3558-5B2F-1002DBAB4F10</newElementsIDs>
<usedAttributes>
<attributeRef>ABF89B59-2DDA-495F-49D6-2426D5A271ED</attributeRef>
<attributeRef>80F1715B-0CA8-AFF2-7A10-36F2CB5D072E</attributeRef>
</usedAttributes>
</identifier>
</identifiers>
</Entity>
