<?xml version = '1.0' encoding = 'UTF-8'?>
<Entity class="oracle.dbtools.crest.model.design.logical.Entity" directorySegmentName="seg_0" id="F8A3A366-DCBB-833D-3D50-4D183AC1340F" name="ROVE">
<createdBy>mlim0032</createdBy>
<createdTime>2021-04-24 06:15:56 UTC</createdTime>
<ownerDesignName>ad_oraclemodel</ownerDesignName>
<engineerTo>
<item key="763A38F3-BB61-F111-A537-FCEFE45F10A7" value="true"/>
</engineerTo>
<adequatelyNormalized>NO</adequatelyNormalized>
<expectedVolumes>0</expectedVolumes>
<fwdEngineeringStrategyName>Single Table</fwdEngineeringStrategyName>
<growthPercent>0</growthPercent>
<growthType>Year</growthType>
<maxVolumes>9999999</maxVolumes>
<minVolumes>0</minVolumes>
<normalForm>Third</normalForm>
<attributes itemClass="oracle.dbtools.crest.model.design.logical.Attribute">
<Attribute name="vet_id" id="9FD45127-DC93-98B0-B480-7969E5D8470F">
<createdBy>mlim0032</createdBy>
<createdTime>2021-04-24 06:21:04 UTC</createdTime>
<commentInRDBMS><![CDATA[vet id]]></commentInRDBMS>
<generatorID>20143423-AAE4-9CC9-789F-5E755598A93A</generatorID>
<ownerDesignName>ad_oraclemodel</ownerDesignName>
<engineerTo>
<item key="763A38F3-BB61-F111-A537-FCEFE45F10A7" value="true"/>
</engineerTo>
<referedAttribute>D674579F-2B7E-31F3-E21E-978C857AAC44</referedAttribute>
<useDomainConstraints>false</useDomainConstraints>
<use>1</use>
<logicalDatatype>LOGDT019</logicalDatatype>
<dataTypePrecision>6</dataTypePrecision>
<ownDataTypeParameters>,6,</ownDataTypeParameters>
</Attribute>
<Attribute name="clinic_id" id="9E5419B3-9161-4770-F2FA-DB80F719F142">
<createdBy>mlim0032</createdBy>
<createdTime>2021-04-24 06:28:37 UTC</createdTime>
<commentInRDBMS><![CDATA[clinic id]]></commentInRDBMS>
<generatorID>3852ECF1-FCDA-5D53-CFB4-442CBFFD1393</generatorID>
<ownerDesignName>ad_oraclemodel</ownerDesignName>
<engineerTo>
<item key="763A38F3-BB61-F111-A537-FCEFE45F10A7" value="true"/>
</engineerTo>
<referedAttribute>54905FE1-516B-D641-5D84-EAB4F485023C</referedAttribute>
<useDomainConstraints>false</useDomainConstraints>
<use>1</use>
<logicalDatatype>LOGDT019</logicalDatatype>
<dataTypePrecision>5</dataTypePrecision>
<ownDataTypeParameters>,5,</ownDataTypeParameters>
</Attribute>
<Attribute name="rove_count" id="5CD87DD2-61E5-2156-CCF3-68F196527271">
<createdBy>mlim0032</createdBy>
<createdTime>2021-04-24 06:30:49 UTC</createdTime>
<commentInRDBMS><![CDATA[number of times a specialised vet serviced in a clinic, which is not their home clinic]]></commentInRDBMS>
<ownerDesignName>ad_oraclemodel</ownerDesignName>
<engineerTo>
<item key="763A38F3-BB61-F111-A537-FCEFE45F10A7" value="true"/>
</engineerTo>
<nullsAllowed>true</nullsAllowed>
<useDomainConstraints>false</useDomainConstraints>
<use>1</use>
<logicalDatatype>LOGDT019</logicalDatatype>
<dataTypePrecision>5</dataTypePrecision>
<ownDataTypeParameters>,5,</ownDataTypeParameters>
</Attribute>
</attributes>
<identifiers itemClass="oracle.dbtools.crest.model.design.logical.CandidateKey">
<identifier id="CB4B9118-F2FE-AA43-3F54-1CD5A7699175" name="ROVING PK">
<createdBy>mlim0032</createdBy>
<createdTime>2021-04-24 06:27:05 UTC</createdTime>
<ownerDesignName>ad_oraclemodel</ownerDesignName>
<engineerTo>
<item key="763A38F3-BB61-F111-A537-FCEFE45F10A7" value="true"/>
</engineerTo>
<pk>true</pk>
<usedAttributes>
<attributeRef>9FD45127-DC93-98B0-B480-7969E5D8470F</attributeRef>
<attributeRef>9E5419B3-9161-4770-F2FA-DB80F719F142</attributeRef>
</usedAttributes>
</identifier>
</identifiers>
</Entity>
